sbd, toan, ngu_van, ngoai_ngu, vat_li, hoa_hoc, sinh_hoc, lich_su, dia_li, gdcd, ma_nn
01000202,8.8,8.75,8.6,,,,8.25,8.5,9.25,N1
01000066,9,8.75,7.4,7,4.75,6.25,,,,N1
01000065,7.6,9.25,9.6,,,,8.5,7.5,9.5,N1
01000338,7.8,7.5,9.4,,,,6,9,9,N1
01000609,8,6.5,9,2.5,8,6,,,,N1
01000745,7.8,4.75,5,7.75,8,5.5,,,,N1
01000201,7.6,9,8.4,,,,6.75,6.25,7.25,N1
01000337,7.8,9,6,,,,8.75,8.5,9,N1
01000610,7.6,7.75,8.4,3,1.5,3.25,,,,N1
01000881,8.2,9,7.8,,,,8.5,8.25,9.5,N1
01000340,4.6,9.25,9,,,,9,8.5,9.5,N1
01000474
01000067,8.4,6.75,8.8,6.5,3,5.75,,,,N1
01000203,7.8,7.5,5,7.75,7.5,4.75,,,,N1
01000475
01000339
01000611,7.8,7.5,8.8,8.5,4,5.25,,,,N1
01000746,8,8.25,9,7.25,4.5,7,,,,N1
01000883,9,8.25,8.6,,,,7.75,6.75,7.5,N1
01000068,8.2,7,7.2,7.25,2.5,4.25,,,,N1
01000613,7,8.5,9.2,,,,6.75,8,8.5,N1
01000884,6.6,7.5,6.4,,,,7.5,7.75,8.5,N1
01000882
01000204,7.6,8.5,8.8,,,,7,6.75,8.25,N1
01000612,7.4,7.5,7.2,,,,6.25,7.5,8.25,N1
01000341,8,9,8.4,,,,7,9.5,8.25,N1
01000477
01000885,7.4,9,9,,,,7,8.25,9.25,N1
01000749,5.2,8.75,7.4,,,,8,7.25,9.25,N1
01000886,6.6,9.25,9,,,,8,6.75,8.25,N1
01000069,7.4,8.25,8,4.25,4.25,5.25,,,,N1
01000478,6.6,8,7,,,,,,,N4
01000476,4.6,8.25,4.2,,,,5.25,6.25,,N1
01000206,9,8.5,6.2,,,,6.75,8,8.5,N1
01000342,5.2,8.75,2.2,,,,5.75,7,8,N1
01000747
01000205,8.2,4.25,6.8,7.5,4.5,,,,,N1
01000887,8,8.75,8.2,,,,6.25,7.25,8,N1
01000752,8.2,7.5,8.8,8.25,6,5,,,,N1
01000616,6.6,8.25,8,,,,6.75,7.25,8,N1
01000344,5,9,4.6,,,,6.25,7.25,6.75,N1
01000479
01000071,6.6,9,8.2,,,,9,8.5,8.5,N1
01000750,6.6,8.75,7.8,,,,5.25,6.25,6.25,N1
01000073,8,6.75,6,7,5,3.5,,,,N1
01000748,7,8.75,7.2,5.5,7.5,4.75,,,,N1
01000075,7.6,9.25,8,,,,6.75,8,9.5,N1
01000615,8.6,8.5,7.4,,,,7.75,8.25,8.75,N1
01000210,8.2,9,8.8,,,,8,7.25,7.75,N1
01000346,8.2,9,9,,,,7.5,8.5,8.75,N1
01000888,8.4,7.75,8.6,,,,6.75,6.25,8.25,N1
01000891,7.2,9.5,9,,,,7,8,7.5,N1
01000209
01000070,8.6,7.75,8.6,8,4,3.75,,,,N1
01000480
01000345,7,8.75,9.4,,,,8.5,8.25,8,N1
01000620,7.8,8.5,8.4,6.75,9.5,7.25,,,,N1
01000754,8,8,9.4,5.75,5.25,5.25,,,,N1
01000614,8,9,8.8,,,,8,10,8.75,N1
01000484
01000889,8,9.25,8.6,,,,8.25,8,8.5,N1
01000343,7.6,9,6.8,,,,7,7,8,N1
01000212,7.8,9,8.4,,,,7.25,8.25,8,N1
01000482
01000755,7,7,4,,,,5,5.75,8,N1
01000619,8.6,5.75,7.6,8.25,9,5.75,,,,N1
01000208,7.2,9,8.4,,,,7.25,6.25,8,N1
01000347
01000074,7.6,6.5,8.6,,,,6.75,6.5,9,N1
01000753,7.4,8.5,9,,,,8.75,9.25,9.5,N1
01000076,6.4,9,7,,,,6.75,6.5,7.25,N1
01000348,7.6,8.5,8.2,,,,7.25,7.75,8.5,N1
01000483
01000618,6.4,8,7.8,4,4.25,6,,,,N1
01000756,8.2,4.25,6.6,7.25,1.75,4.25,,,,N1
01000349,7.4,8.25,8.6,,,,5.5,7.5,8.25,N1
01000890,8.2,9,8.2,,,,8.5,7.25,8.5,N1
01000622,8,8.75,7.8,7,4,3.75,,,,N1
01000214,7.6,8.5,5.2,,,,7.75,8.5,9,N1
01000077,8,9.5,8.8,,,,5.5,8.25,7.5,N6
01000892,7.2,8.75,9,,,,7.25,5.75,8.5,N1
01000751,8.4,6.75,8.4,3.5,8,5.25,,,,N1
01000758,7.4,7.75,8.6,,,,9,8.5,7.75,N1
01000617,7.4,6.5,7.8,8.5,8.5,5.5,,,,N1
01000211,8.2,8,8,,,,7.75,5.75,7.75,N1
01000893,5.4,8.75,8,,,,5.75,7,7.5,N1
01000213,6,8.75,7.8,,,,7,7,8,N1
01000078,7.8,8.75,6.8,,,,6.25,7.5,8.25,N1
01000621,5.6,8.5,7.4,,,,8,9,8.75,N1
01000485
01000207
01000623,8.4,8.25,7,,,,7.5,6.25,8.75,N1
01000352,8.2,9.25,9.4,,,,9.25,9.25,8.25,N1
01000351,7.2,9.25,8,,,,7.5,8.5,9,N1
01000216,7.8,9,9,,,,7.5,8.75,8,N1
01000080,8.6,8.75,8.4,8.75,5.5,4.75,,,,N1
01000897,7.6,8.75,9.4,,,,6.25,7,8,N1
01000217,8,8.75,9,,,,7.75,8.25,8.5,N7
01000624
01000487
01000353,7.4,8.25,8.6,,,,6.25,8,7.75,N1
01000488
01000626,6.4,6.5,7.8,,,,7.5,6.5,7.25,N1
01000081,3,7.25,7.4,,,,6.25,6.5,6,N1
01000896,7.2,8.25,9.6,,,,6.25,8,8.75,N1
01000082,8.2,7.75,8.6,3.75,7.25,8.25,,,,N1
01000490
01000354
01000760,8.2,8.25,8,,,,8.5,8.5,9.75,N1
01000895,7.6,9,8.2,,,,8.25,6,8.75,N1
01000355,5.8,9,7.4,,,,7.75,6.25,8,N1
01000083,7.4,8.5,8.4,7,5.25,5.75,,,,N1
01000898,5.2,9,8,,,,9,8.25,8.75,N1
01000219,8.6,9.25,9.6,,,,8.5,8,9,N1
01000625,7.6,9.5,8.2,,,,7,7,8,N1
01000899,7.4,7.75,6.2,,,,7.75,6.25,8.5,N1
01000759,7.6,5.75,9.4,,,,9,7.75,8,N1
01000489
01000218,8.6,8.75,6,,,,8.5,8.75,8.75,N1
01000762,7,9,8.8,,,,8.5,7.5,7.75,N1
01000084
01000763
01000761,7.6,8.75,8.2,7.75,8.75,5,,,,N1
01000765,8.8,7.75,9.8,8.5,4.75,7.25,,,,N1
01000901
01000220,6.8,8.75,9.6,,,,9,8.25,9.25,N1
01000492
01000630,7.6,8.25,7.8,,,,8,7.75,7,N1
01000086,7.6,9,7,,,,6.5,6.25,7,N1
01000223,8,8.5,9.6,,,,9.25,9.25,9.25,N1
01000493
01000357,8,8,8.4,,,,8.5,7.75,8.5,N1
01000627,6.8,9,8.8,,,,6.75,8,7,N1
01000085
01000632,9.2,6.75,8.8,8.75,7,5.25,,,,N1
01000900,7.2,5.75,9.8,,,,8.5,8.75,9,N1
01000770,6.8,7.5,8.6,,,,8.25,8.25,8.25,N1
01000767,8.4,7.75,7.2,,,,6.75,8,9,N1
01000764,7.2,9.25,6.8,,,,6,4.5,6.5,N1
01000356,6.2,8.25,7.8,,,,6.75,7.5,8.25,N1
01000358
01000221,6.6,8.75,8.2,,,,6.75,7.75,7,N1
01000496
01000769,7.8,7.5,8.8,7.25,3.75,5.75,,,,N1
01000629,8.6,7,3.6,8.25,8,4.25,,,,N1
01000628,6.8,6,8.6,6.5,3.5,5.5,,,,N1
01000089,7.6,7.5,8.4,,,,5.75,8.25,8.25,N1
01000362
01000771,7.4,8.5,6,,,,7.25,7.5,8,N1
01000090,7.8,8.5,5.6,8.5,8.25,5,,,,N1
01000766,7.4,8.5,8.4,,,,9.5,9.75,10,N1
01000495
01000634,8,8.5,7.4,6.75,8,5.75,,,,N1
01000087,7.4,8.5,8,,,,6.5,7.25,8.25,N1
01000491
01000902
01000499
01000631,7,9.25,6.8,,,,5.5,8,7.75,N1
01000498,8.4,,8.8,6.75,,,,,,N1
01000360,8.4,9.25,7.4,,,,8.75,8,8.25,N1
01000635,6.2,7.75,8.4,,,,9,7.75,7.25,N1
01000633,7.8,7.5,9,7,3.75,6,,,,N1
01000222
01000088,7,9,8,,,,6.75,7.25,9,N1
01000768,8.4,8,8.8,,,,7.75,5.25,7,N1
01000361
01000494,8.4,,8.8,7,6.75,6.75,,,,N1
01000225,7,8.25,8.6,,,,6.75,6.75,7.75,N1
01000091,7.8,8.75,8.6,,,,8.5,8.75,8.5,N1
01000363,7.4,9,6.6,,,,,,,N1
01000497
01000224,8.6,8.5,9.2,7.25,9.25,8.5,,,,N1
01000904
01000359,8,9.25,8,,,,7,7,7.75,N1
01000227
01000907
01000906
01000905
01000226,7.4,9,6.4,8.5,8.5,7,,,,N1
01000486
01000350,7.2,9,8.8,,,,8.25,7,9,N1
01000092,7.8,9.25,8.6,,,,8,7.5,8.5,N1
01000894,7.6,9.25,7.8,,,,6.25,8,8.5,N1
01000757,7.8,6.5,8,1.75,8,3.25,,,,N1
01000072,7,8.75,8.4,,,,7.75,7.5,8.5,N1
01000215
01000079
01000228,7.2,8,9.2,,,,8.25,7.25,8,N1
01000903
01000908
01000364
01000500
01000636
01000772,7.4,8.5,5.8,,,,6.75,6.75,7,N1
01000365
01000093,6.8,8,4.8,,,,7.75,7.75,9,N1
01000503
01000366
01000229,9.2,9,9,8,5.25,5.25,,,,N1
01000639,8.4,8,6.4,3,8,6.5,,,,N1
01000502,4.4,,8,,,,,8.25,,N1
01000367
01000909
01000911
01000910
01000637,8.6,8.5,8,,,,6.75,8.5,8,N1
01000095
01000096,8.2,9.5,7.6,,,,7.5,8.25,8.25,N1
01000231
01000773,8.4,6.75,8.2,8.5,4.5,4.5,,,,N1
01000640,8.6,9,9.4,,,,8.5,8.75,9.5,N1
01000230,7.2,6.5,5.8,7.75,6.5,5.75,,,,N1
01000094
01000775,7.2,7.5,8.8,,,,6.75,7.75,7.25,N1
01000776
01000641,7.2,8.75,8.6,6.75,4.25,4.75,,,,N1
01000234,8.2,7.25,6,7.25,6.75,6,,,,N1
01000097,8.8,9.25,8.8,,,,7.75,8,8.5,N1
01000369
01000912
01000368
01000913
01000370,8,9.25,6.8,,,,7.25,8,,N6
01000098
01000777,8.4,7.5,8.4,7.75,5.75,7.5,,,,N1
01000642,9,8.75,9,,,,9,6.75,8.5,N1
01000506,7.2,8,5.8,,,,6,6,,N1
01000233,7.6,8.25,8.4,,,,6.75,8,9.5,N1
01000779,6,8.5,4.2,,,,8.75,6.5,8.25,N1
01000778,8,6.75,8.4,8.25,8.5,6,,,,N1
01000509,8,9.25,7,,,,8.5,8.75,9.5,N1
01000099,8.4,9,8.8,,,,7,8.25,9,N1
01000101,9,6.5,8.6,,,,8.75,8.25,9.25,N1
01000371
01000914
01000372
01000507
01000781,7.6,8,8.8,,,,8,9,8.75,N1
01000239,7.8,8.75,8,,,,6.75,8.25,8.25,N1
01000915
01000237
01000373
01000917
01000645
01000782,8.2,7.75,9,,,,6,7.75,8.5,N1
01000918
01000780,7.8,8.5,8.2,,,,7.5,7.75,8.75,N1
01000240,8.8,4.25,7.2,7.75,9,5,,,,N1
01000783,6,7.75,8.2,1.75,3.5,6,,,,N1
01000238,5.6,8,8.4,,,,7.5,6.75,7.75,N1
01000103,8.4,9,8.2,,,,5.25,5.5,8.75,N1
01000508
01000919
01000511,7,9.25,3,,,,7.25,7.75,9.75,N1
01000647
01000100,5.6,9,5,,,,7.25,5,7.75,N1
01000102,6.4,8,8.8,,,,8.5,7.5,9.25,N1
01000510,8,9.25,8,,,,6.5,6.25,7.5,N1
01000104,7.8,6,5,6.25,8,5.25,,,,N1
01000375
01000784,7,8.75,8.2,,,,8,7,8.25,N1
01000512,7.2,9,7.2,,,,8.75,9.75,9.5,N1
01000648,8.4,9.25,9.4,,,,7.5,9,8.25,N1
01000376
01000241,6.8,5.75,6.2,5,3.75,4,,,,N1
01000374
01000920
01000513,7.6,8.5,6.8,,,,7.25,6.75,8.75,N1
01000377
01000105,7.2,7.75,7,,,,8.25,8,9,N1
01000785,8,9.5,9,,,,8.5,9,9.25,N1
01000649,6,8.25,6.8,,,,9.25,9.5,9,N1
01000242,6.8,9.25,8,,,,8.25,7.25,8.25,N4
01000106,7.4,6.25,6.4,7.75,3.5,6,,,,N1
01000921
01000786,7.8,8.5,9,,,,6.25,5.5,7.5,N1
01000922
01000650,9,9.5,9.8,,,,7,8.25,9.25,N1
01000378
01000514,8.4,9.25,8.8,,,,7.25,7.5,8.25,N1
01000501
01000774,8.4,8.25,9.4,8.75,6.5,7,,,,N1
01000638,7,7.5,7.8,,,,7,6.5,7.25,N1
01000380
01000923
01000108,8.2,8.25,6.4,,,,6.5,7.75,8.75,N1
01000653,8.2,8.5,8.8,,,,8,7.25,7.5,N1
01000516,7.6,8.75,7.2,,,,6.25,7,6.75,N1
01000517,8,8.75,9,,,,9,8.5,9.75,N1
01000925
01000382
01000787,8.4,8.75,9,,,,8.5,7.75,8,N1
01000246,8.8,8.75,9,,,,8.75,8.75,9,N1
01000788,9,9,8.4,,,,7.5,8.25,9.25,N1
01000504
01000232,8.4,9.25,9.6,,,,8,7.75,8.25,N1
01000505,5.6,7.25,5,,,,,,,N1
01000652,7.4,8.75,7.6,8.75,7.75,7.5,,,,N1
01000651,7.6,9.5,9.2,,,,5.75,7.75,8.75,N1
01000379
01000107,7.6,6.5,7.4,6,5.5,5.75,,,,N1
01000515,8,9,8.6,,,,6.5,5.75,6.75,N1
01000243
01000244,7,7.5,9.2,,,,7.75,5.5,8.25,N1
01000654,7,9.5,9,,,,9,7,8.5,N1
01000926
01000109,8.2,9,8.8,,,,5.75,8.25,8.25,N1
01000381
01000789,7.6,8.5,9,6.5,4.25,6.75,,,,N1
01000235,7.8,9.25,8.6,,,,8,8.25,9.25,N1
01000386
01000385
01000794,8.2,6.5,9.2,7.5,5.75,4.25,,,,N1
01000929
01000928
01000930
01000790,8.2,9.25,9.2,,,,8.75,8.25,9,N1
01000927
01000383
01000520,8.6,9.5,8.2,,,,7.25,9,9.25,N1
01000248,7.4,9,9.2,,,,6.75,6.75,8.25,N1
01000924
01000792,7.8,9,6.6,,,,6.5,6.5,7.5,N1
01000111,8.6,5.5,8,6.75,9.25,5.75,,,,N1
01000112,6.6,6.75,7,,,,7.5,7.75,8.5,N1
01000110,9.2,8.75,8.8,,,,9.5,7.75,7.25,N1
01000113,8.4,8.5,9.4,7.75,6.25,6,,,,N1
01000655,7.6,8,5.8,7.75,7,7.5,,,,N1
01000384
01000245,7.8,9.25,9.6,,,,8.5,7.75,8.25,N1
01000521,6.2,9,8.4,,,,7.5,7.5,8,N1
01000793,6.8,7.75,5.6,,,,5.25,7.5,6.25,N1
01000791,8,7.5,8.6,6.25,4.75,5.5,,,,N1
01000001,8.4,6.75,8,6,5.25,5,,,,N1
01000247,7.8,8.5,7.8,,,,8,8,8.25,N1
01000249,8.2,9.5,8.8,,,,7.5,8.25,9.5,N1
01000114,8,8.5,7.4,,,,6.25,7.5,,N7
01000519,7.4,8.75,8.4,,,,7,6.75,8,N1
01000656,8.4,8.75,9,,,,7.5,7.75,9,N1
01000657,8.2,8.25,7.8,,,,7.5,7,8.5,N1
01000250,7,9,7.8,,,,7.5,8.25,7.5,N1
01000643,8,9.25,8.2,,,,6.5,6.5,8.5,N1
01000236,7.8,9.25,9.2,,,,8.5,9,9.25,N1
01000916
01000644,5.4,8.5,8,,,,5.5,6.5,7.25,N4
01000251,,9.25,5.6,,,,8.5,8.75,9.5,N1
01000522,8.2,9,7.6,,,,5.5,6.75,8.25,N1
01000523,6.2,9.25,7.2,,,,8,7.25,7.75,N1
01000252,8.2,9,8.8,7.75,4.25,5.25,,,,N1
01000524,7.6,8.75,9,,,,9,8.25,8.5,N1
01000388
01000002,8.6,8.5,7.2,,,,7.25,6,8,N1
01000387
01000796,7,8.25,8.4,,,,7.25,7.25,8.75,N1
01000659,5,8.25,8.2,,,,7.25,6.75,7.75,N1
01000116,8.4,7.75,8.2,,,,7.5,7.25,8,N1
01000660,6.6,9.5,9.2,,,,6.75,6,6.75,N1
01000795
01000115,8.2,9,8,,,,7.25,8.75,8.75,N1
01000646,9,9,8.4,,,,8,8.5,8.75,N4
01000518
01000658
01000253,8.4,8.25,8.8,,,,8,7.5,8.75,N1
01000117
01000389
01000932
01000931
01000118,8,9.25,7.2,,,,6.5,7,8,N1
01000661,8.6,9,7.6,7,3.5,4.5,,,,N1
01000797,7.6,8.75,9.6,,,,5.5,7.25,9.25,N1
01000000
01000525,8,9.25,9.4,,,,7,8,8.5,N1
01000933
01000390
01000254,8.2,8.5,9.2,,,,9.25,9.25,9.5,N1
01000663,7.4,9.25,8.2,,,,6.25,7,8.5,N1
01000526,8,9.5,8.6,,,,7.75,7.5,8.5,N1
01000798,4.8,8,8,,,,5.75,7.25,8.5,N1
01000662,7.4,9.5,9.4,,,,7.5,7.25,8,N1
01000256,8.6,9,8.8,,,,9.5,9.75,8.75,N1
01000391
01000934
01000255,6.2,9.25,7,,,,6.25,7.25,8,N1
01000528,7,8.5,7.8,,,,6,7,7.75,N1
01000664,4.4,6.25,3,,,,5.25,5.5,6.5,N1
01000799
01000392
01000257
01000121,5.6,8.25,8,,,,7.75,8.75,8.5,N1
01000119,7.8,9.5,10,,,,7.5,9,9,N1
01000936
01000800,7.2,8.5,7,,,,8.75,8,8,N1
01000935
01000527,8,9,7.8,,,,8.5,9,9.5,N1
01000120,8.4,8,9,8.25,4,6,,,,N1
01000801,8.8,8.5,8.2,7.75,3.5,6.5,,,,N1
01000258,7,7.75,7.6,,,,6,6.75,7.5,N1
01000529,7.6,9.5,8.6,,,,6,7.25,6.25,N1
01000394
01000393
01000665,7.6,9.5,9.2,,,,6,6.5,7,N1
01000666,8,9.25,8.6,,,,7.5,7.25,7.5,N1
01000530,6.4,8.75,5.8,,,,6.75,7.25,8,N1
01000531,8,9,8.2,,,,8.25,7.75,8.75,N1
01000259,8.2,9,7.6,,,,9.25,6.75,7.75,N1
01000937
01000803,7.4,9.25,8.2,,,,8.75,9.25,9,N1
01000802,8,8.75,9.6,,,,9.25,8.5,9.25,N1
01000122
01000667,8.2,8.5,8.2,,,,6.5,6.5,7,N1
01000938
01000003,8.2,8.75,8.2,,,,7.25,7.25,8.75,N1
01000939
01000123,4,9,8.4,,,,9.5,9.5,9,N1
01000395
01000124,8.2,8.75,9.6,,,,,,,N1
01000668,7.8,9.5,8,,,,7.25,7.5,8,N1
01000125,8.2,9,8.2,8,5.5,6,,,,N1
01000940
01000396
01000804,6,8.5,8.8,,,,8,6.5,8,N1
01000260,6.8,9.5,7.6,,,,8.75,9.75,9,N1
01000397
01000533,7.2,9.25,7.8,,,,8.75,8.25,9,N1
01000532,7.4,9.25,7.6,,,,6.75,7.5,8.25,N1
01000534,6,6.5,5.2,,,,7,6.75,6.75,N1
01000941
01000398
01000942
01000262,8,8.5,9.4,,,,6.5,9,8.5,N1
01000670,7.8,9,7.8,,,,6.5,5.75,7,N1
01000004,4.8,8.5,7.4,,,,7,6,7.5,N1
01000128,8.4,9.25,9.2,,,,7.5,7.25,9,N1
01000807,8,9,9,,,,8,7.5,8.5,N1
01000669,7.6,8.25,7.8,,,,7,8.75,7.25,N1
01000129,8,8,8,,,,7.5,8,8.25,N1
01000806,6.8,8.5,9.2,,,,9.25,8.25,9,N1
01000805,8,8.5,7.2,,,,7.75,5.5,8.25,N1
01000672,8.2,8.75,8.4,,,,6.5,6.25,8.5,N1
01000536,8.6,9.25,10,,,,7.75,8.5,8.5,N1
01000535,9,9.25,8.8,,,,7,8.5,9.25,N1
01000261,7.6,9.25,8.8,,,,6.25,6,8.5,N1
01000671,7.4,8.5,6.6,,,,5.25,7.5,7.25,N1
01000401
01000265,7.8,6.25,8.2,,,,7.25,6.5,8.75,N1
01000126,7.6,9.5,8.8,,,,8.75,6.75,8.5,N1
01000943,8.2,8.5,8,,,,,,,N1
01000263,7.8,8.5,9,,,,8.75,8,9.25,N1
01000400,7.8,,9.4,7,,,,,,N1
01000399
01000127,6.8,9.25,7.2,,,,8.75,8.25,8.5,N1
01000264
01000809,8.2,7.75,7,,,,7.5,9,7.75,N1
01000944,4,4.25,6.4,,,,,,,N1
01000130,8.4,7,7.2,6.75,2.75,5.5,,,,N1
01000402
01000538
01000808,7.4,7.75,7.8,,,,7.5,8.5,8.5,N1
01000537
01000266,8.6,9,9.4,,,,9.5,8.75,8.75,N1
01000945,7.6,8,8,,,,,,,N1
01000673,7.2,8.75,7.4,,,,8,9.5,9,N1
01000946,,9.25,7.4,,,,7,,,N1
01000473
01000674,7.8,8.75,9.4,,,,7.5,7.75,8.75,N1
01000810,7.2,8.75,8,,,,7.75,8.25,8,N1
01000403
01000267,7.4,9.25,9,,,,9.25,7.75,8.5,N1
01000481
01000131,8.4,9.75,8.8,,,,8.25,6.75,8.25,N1
01000675,8.2,6,8,8.25,3.5,5.75,,,,N1
01000539
01000811,4,7,5.2,,,,6.5,6.5,7.25,N1
01000947
01000268,7.4,8.75,8.4,,,,5,6.25,7.5,N1
01000676,6.8,8.25,6.4,,,,6,7.75,8.25,N1
01000133,8.6,9,8.8,,,,7.25,7.25,8,N1
01000812,4.4,9.5,7,,,,5,7,6.25,N1
01000948
01000132,7.4,9.25,8.2,,,,7.5,7.75,9,N1
01000404
01000677,5.2,8.75,6.8,5,5.5,7,,,,N1
01000269,8.2,8,8.6,,,,8,8.5,8.5,N1
01000405
01000540
01000134,7.2,7.5,8.2,,,,7.5,8.25,9,N1
01000813,8.4,9.25,7,,,,7.5,8.75,7.75,N1
01000542
01000541
01000949,7.6,7.75,7.2,,,,7.5,6.75,,N1
01000814,8.6,9,8.6,,,,7.25,7.25,7.25,N1
01000406,8.2,,9.4,7.25,,,,,,N1
01000270,5.6,9,7.2,,,,8.25,8,9.25,N1
01000678,9,9.25,8.6,8.5,7.75,7.5,,,,N1
01000951
01000271
01000815,6,8.5,7.8,,,,7,6.75,8.5,N1
01000950,7.8,9,8.6,,,,,,,N1
01000543
01000135
01000272,7.8,8.5,7.6,2.5,7.75,7.75,,,,N1
01000680,6.8,9.5,8,,,,7.75,6.5,9,N1
01000407
01000679,6.8,8.25,8.4,,,,7.75,8,8.5,N1
01000545,8,8.25,9.4,6.5,2.5,3.75,,,,N1
01000817
01000408
01000952
01000136,8.2,9,8.8,,,,6.5,8.5,9.5,N1
01000273,7.8,9,8,,,,7.25,7.25,9,N1
01000681,8,8.25,8,,,,7.5,8.5,9.5,N1
01000409
01000544,8.4,9,7.4,,,,9,8.25,8.25,N4
01000816,7.4,7.75,9.8,,,,8.75,8.5,8.75,N1
01000410
01000274,7.6,7.25,8.6,,,,8.5,8,9.25,N1
01000818
01000137,5.2,8,5.2,,,,7.25,8.25,8,N1
01000138,7.6,9.25,9.6,,,,7.5,7.75,8.5,N1
01000953
01000546
01000682,7.4,9,8.4,,,,7.75,7.5,9,N1
01000954
01000275,8.2,9.25,9.2,,,,9,8.75,9.25,N1
01000139,5,8.25,5.8,,,,7.5,6.5,6.5,N1
01000547
01000683,7.4,8.5,4,4.75,3.75,6,,,,N1
01000140,7.8,9.25,9.2,,,,6.75,7.75,8.5,N7
01000141,6.4,9,6.4,,,,7.75,7.75,8.25,N1
01000277,8,9.25,8.4,,,,6.75,7,8.75,N1
01000955
01000548,7,8.75,7,,,,7,7.5,8,N6
01000276,7.2,8,8.2,,,,6.5,8,7.75,N1
01000005,8.6,9,7.8,,,,9,8.75,8.5,N1
01000413
01000411
01000819,8.6,9,9.4,,,,6.75,8.25,6.5,N1
01000686,8.4,8.5,7.2,,,,6.25,7.5,8,N1
01000549,8.6,8.5,9.2,8.5,7,6.25,,,,N1
01000956
01000820,8.2,8.25,5.2,,,,5,5.25,8,N1
01000278,7.4,9,8,,,,,,,N1
01000684,7.4,8,8.6,2.5,8,5.5,,,,N1
01000007
01000822,8.2,8.25,8.8,,,,9.25,9.25,9.25,N1
01000821
01000550,7.2,9,8.6,6.25,5,5.75,,,,N1
01000412
01000414
01000958
01000957,4.8,7.75,4.2,,,,5,7,,N1
01000685,8.4,6.75,9.2,7.25,7,6.75,,,,N1
01000279,8.2,7.5,9,7.75,3.75,4.75,,,,N1
01000143,8.2,8.75,8,,,,9.25,9.5,8.5,N1
01000006,5.8,8.75,7.8,,,,7.75,6.75,7.5,N1
01000687,8,8,8.2,4.5,6.25,6.25,,,,N1
01000415,7.6,8.5,7.6,,,,,,,N1
01000823
01000959
01000551,8.4,8.5,9.6,4.25,3.75,5.25,,,,N1
01000008,8.2,9,9,,,,8,8.25,10,N1
01000144,8.8,9,9.2,5,8.25,6.5,,,,N1
01000280
01000552,8,9.5,8,3.75,5.75,5.75,,,,N1
01000416
01000960
01000688,8.6,8.75,7.8,,,,8,6.75,8.75,N1
01000009,8.2,8,8.6,8.25,4.25,6,,,,N1
01000824
01000142
01000281
01000145,8,8.75,7.2,,,,6.75,7.5,7.5,N1
01000417
01000825,6.4,8.25,8.6,,,,7.75,7,8,N1
01000553,8.2,8.5,8.8,7.5,9.25,6,,,,N1
01000418
01000961,3.8,7,2.6,,,,,,,N1
01000146,7.8,9.5,6.4,,,,6.5,7.75,8.5,N1
01000282
01000554,8.6,7,7.8,8,6,5.75,,,,N1
01000691
01000690,8.6,9.75,9.6,,,,6.25,7.5,9.25,N1
01000555,8.6,8.5,7.8,8,5.75,7,,,,N1
01000689,8.4,8.75,7.4,,,,8.75,7.25,7.5,N1
01000962
01000147,7.4,8.5,7.8,,,,,,,N1
01000010,7.4,9,9.6,,,,8.25,6.5,8.25,N1
01000419
01000011,7.2,8.5,9,7.75,6.75,6.25,,,,N1
01000965,7.2,8.5,6.8,,,,,,,N1
01000283,7.6,8,9.4,5.5,5.5,7,,,,N1
01000827,8.8,8.5,9,,,,9,7.25,8.75,N1
01000826,7.6,8.25,8.6,,,,6.75,7.25,8.25,N1
01000556,7.8,7.25,9.6,5.5,3.25,5.5,,,,N1
01000285,8.2,8,9.2,,,,9,9.25,9,N1
01000692,7.4,9.25,6,,,,4,6.25,7.25,N1
01000012,8.2,8,8.2,,,,7.75,9.5,9,N1
01000420
01000964
01000148,8,9.25,8.2,,,,7.75,7.75,8.75,N1
01000963
01000013,5.2,8,8.6,,,,7.5,5.75,8,N1
01000557,8.4,8.5,8.6,7.75,6,5.75,,,,N1
01000150,5.4,8,8.8,,,,7,8.75,8.5,N1
01000829
01000284,8.2,7.75,7,8,9.5,5.25,,,,N1
01000286,6,9,7.8,,,,8.5,8.75,9.5,N1
01000693,8.4,9.25,8,,,,8.75,7.5,8,N1
01000828,8,8.5,8,,,,7.25,6,8.5,N1
01000014,7.6,9,7.4,,,,7.25,7.5,7.5,N1
01000966
01000149,8.8,9,9.2,,,,8.25,7.5,9,N1
01000831,8.2,9,8.4,,,,7.25,8.25,9.25,N1
01000152,7.4,9.25,8.6,,,,7.5,8.75,8.75,N1
01000558,8.4,8.75,9.6,8.25,8,7.25,,,,N1
01000015,7.6,9,7.6,,,,7.75,8.5,8.75,N1
01000695,7.8,8.5,9.4,,,,6.25,6.25,7,N1
01000291,8.4,8.75,9.4,,,,9,9,9.25,N1
01000016,6,5.75,6.8,,,,7.75,7,7.75,N1
01000969
01000559,8,8.75,8.4,5,8.25,8.25,,,,N1
01000832,8,9,6.2,,,,6.75,7,8.25,N1
01000423
01000698,6,9,6,,,,6.5,8.25,8.75,N1
01000835,8,9.25,8.8,,,,6.75,8.25,8.75,N1
01000018,8.2,6,9,7.75,6.75,6.75,,,,N1
01000421
01000694,8,9.25,9,7,6,7,,,,N1
01000422
01000967
01000151,8.6,8,9.4,,,,6,7.5,8.75,N1
01000288,9,8.25,8.2,6.75,5.5,5,,,,N1
01000833,7.6,9,8,,,,9.75,6.75,9.25,N1
01000697,8.2,9,9.6,,,,8.25,9.5,9,N1
01000426
01000830,8.2,7.75,9,,,,8,7.25,8.25,N1
01000968
01000155
01000425
01000971
01000427,8,9,6,,,,,,,N1
01000564,6,6.58,6.8,3.5,3.75,4.25,,,,N1
01000836,6.8,9,8.8,,,,7.25,8.5,8,N1
01000154
01000970
01000153
01000289,8.8,8,7.8,9,5,8,,,,N1
01000287,8.8,7.75,8,8.5,5.25,5.5,,,,N1
01000563,7,8,9,7,7,6.5,,,,N1
01000562
01000561,6.4,8.75,6.2,4.25,7.25,6.5,,,,N1
01000017,7,8.75,7.8,3.75,7.5,7.25,,,,N1
01000424
01000428
01000700,8.4,8.75,8.2,5.75,6.75,5,,,,N1
01000834,9,8.75,9.4,,,,6,7,7,N1
01000972
01000560,6.2,6.5,6.6,3.25,4.25,5.5,,,,N1
01000290,7.6,8.75,6.2,,,,6.5,6,8.5,N1
01000292,6.6,8.25,8.6,6.5,6.25,5.75,,,,N1
01000156,7.8,9.5,9.2,,,,9,9.5,9.25,N1
01000019
01000020,7.6,8.5,9.2,,,,7,8,7.75,N1
01000699,8.2,9.25,8.4,,,,6.75,8.5,9,N1
01000837,8.6,9.5,8.8,,,,9.25,7,9,N1
01000701,4.4,8.25,6.4,,,,5.75,6.25,8,N1
01000429
01000021,8.4,8.5,8.6,2.5,8.75,7.75,,,,N1
01000157,7.6,9,8.4,,,,7.5,8.25,8.25,N1
01000565,7.6,8.5,7,7,9.5,8.25,,,,N1
01000973,,9,8.6,,,,9.75,7,7.5,N1
01000293,6.8,8.5,6.8,,,,9.75,9.25,8.5,N1
01000696
01000294
01000702
01000158,7.6,9,7.2,,,,6.25,8,8,N1
01000023,8.8,9.25,8.8,8.5,6.5,7,,,,N1
01000974
01000566,7,9,7.4,4.5,3.25,5.5,,,,N1
01000975
01000161,7.2,8.75,6.2,,,,8.25,7.25,7.75,N1
01000838,7.2,8.75,8.8,,,,8,8,8.5,N1
01000430
01000296,8,8.5,8.4,7.75,5.25,5.5,,,,N1
01000022
01000568,8,7.5,8.8,7,4.75,4.5,,,,N1
01000025,7.8,9.25,8.4,,,,7,7.5,7.75,N1
01000160,7.4,8.75,8.2,,,,7.5,7.75,9,N1
01000431
01000432
01000295,8.4,7.5,9.2,8.25,6.25,6.25,,,,N1
01000159,7.6,8.5,5.6,,,,7.5,6.5,9.25,N5
01000704,8.2,7.75,7.4,7.5,8,6.5,,,,N1
01000567,5.4,9.25,6.4,3.75,3.25,6.5,,,,N1
01000433
01000703,7.6,8.75,8,,,,6,7.75,7,N1
01000840,7.6,8.75,9.2,,,,6.75,6.75,7.5,N1
01000977
01000839,8.2,8.75,7,,,,8.25,8,8.75,N1
01000027,8.2,8.75,8,6.25,9,5.75,,,,N1
01000026
01000569,8.6,8.5,8.8,4.5,8.75,8,,,,N1
01000164,8.6,7.75,9,6.75,8.5,6,,,,N1
01000435
01000298,8,8.5,9.6,,,,9.5,9.5,9.75,N1
01000707,6.4,8.5,7.4,,,,9,8.5,9,N1
01000841,7.2,8.75,7.4,,,,6.25,5.5,7,N1
01000571,8.4,9,8.8,7.25,6.75,7.5,,,,N1
01000299,8.6,9,8.6,7.5,6.25,5.25,,,,N1
01000979
01000300,6.2,7.5,8.8,,,,6.5,7.25,7.25,N1
01000706,9.2,9,8.8,,,,8,8,7.5,N1
01000570,7,7.5,5.8,5.25,7.25,5.75,,,,N1
01000572
01000843,6.8,7.25,5.8,,,,6.5,7.75,9,N1
01000845,8,8.75,8.6,,,,6.25,7.5,8,N1
01000165,8.4,7.75,6.2,4.75,6.75,6.5,,,,N1
01000981,5.6,7.5,7.6,,,,4.5,6,,N1
01000029
01000437
01000028,8.8,8.5,9,,,,8.25,8.5,8.75,N1
01000978
01000575,5.8,8.75,6,,,,9.25,8.75,9.5,N1
01000434
01000710,8.2,7.75,9.4,7.5,4.75,5,,,,N1
01000302,8.2,8,8.4,,,,7,8,8.5,N1
01000846,6.2,7.5,3.8,,,,3.75,6.75,7.5,N1
01000983
01000712
01000303,6,8.5,7,,,,4.75,7,7.5,N1
01000301,7.8,8.75,7,,,,6.75,8,8,N1
01000033,8.6,9.5,9.2,,,,9,8,9,N1
01000167,8,7.25,7,7.25,7.25,4.75,,,,N1
01000982
01000438,6.8,8.75,7.2,,,,7.25,8,,N1
01000031,6.8,9.5,8.4,,,,8.5,7.75,9,N1
01000439,6.2,8.5,7.4,,,,,,,N1
01000980
01000711,8.2,8.25,7.4,6,8.5,7.75,,,,N1
01000574,7,9,6.4,,,,6.25,8.25,8,N1
01000847,8.2,9.25,9,,,,6.75,6.25,8.25,N1
01000024,8.4,9.5,8.8,,,,7.25,8.75,8.25,N1
01000163
01000708,7.8,7.75,8.6,8.25,5.5,5.5,,,,N1
01000166,7.4,9.25,8,,,,7.75,7.5,9.25,N1
01000576,8.2,9.25,6.6,,,,7.25,7.75,7.25,N1
01000848,7.6,9.25,9,,,,6.75,7.75,8.75,N1
01000984
01000169,8.8,9.5,7.6,,,,6.25,7,5.75,N1
01000168,8,8.75,8,,,,7.5,6.75,7.75,N1
01000304,8.8,9,10,,,,9.75,9.25,9.25,N1
01000577,7.6,9.25,9.2,,,,8.5,8.75,8,N1
01000440
01000441
01000305,7.8,9,7.8,5.25,9,6.25,,,,N1
01000030,8,7.75,7.4,7,2,3.75,,,,N1
01000162,7,8.5,3.8,5.75,5.25,4,,,,N1
01000709,6.2,7.25,8.2,5.25,3.25,3.75,,,,N1
01000436
01000032,8.2,8.75,7,,,,8.75,9,8.5,N1
01000842,7.4,8.75,7.8,,,,7,6.5,8.25,N1
01000573,7.8,8.75,5.4,,,,5.75,7.5,8.5,N1
01000297,7.8,8.5,7.2,,,,7.5,7.25,8.5,N1
01000705,6.8,8.75,5.4,,,,4.5,7.25,8.5,N1
01000844,7.4,8.5,7.4,,,,8.25,8.75,8.5,N1
01000976
01000713,7,7.25,7.8,8.25,4.5,4.5,,,,N1
01000306,7.8,7,8,7.75,4.25,6,,,,N1
01000170,8.6,9,9.6,,,,9.75,7.25,8.25,N1
01000849,7.8,8.25,8.8,,,,6.25,7.75,7.25,N1
01000034,7.8,9.25,7.8,,,,7.75,8,8.25,N1
01000985
01000442
01000443
01000578,7,9.25,8.4,,,,5.75,7.75,7.5,N1
01000307
01000714,8,7.25,6,7.25,7.75,2.75,,,,N1
01000035,8,7.5,8.4,5,7.25,4.75,,,,N1
01000850
01000987
01000037,7.6,8.75,9.2,,,,8,7.25,7.75,N1
01000716,7.6,8.25,8.2,,,,6.75,7.25,8.25,N1
01000171,8,8.75,7.4,,,,5,6.75,7.75,N1
01000715,8.8,7.75,8.6,7.75,4.5,6,,,,N1
01000036,6.4,7.25,4.8,2.5,3.5,4.5,,,,N1
01000851,8.2,8.75,8.2,,,,6.75,6.5,8,N1
01000986
01000988
01000852,7.4,9,8.2,,,,9.25,9.5,9.75,N1
01000172
01000308,5.4,7.5,3.6,,,,7,8.75,9,N1
01000444,7.8,,6.8,7.75,8.5,,,,,N1
01000580,7.4,9,7.6,7,4,6.25,,,,N1
01000173,8,9.25,7.2,4.5,8.75,6.75,,,,N1
01000717,7,7.75,7.6,,,,7.75,8.25,9.5,N1
01000853,7,8.5,9.2,,,,8,8.5,8.25,N1
01000989,8.2,9,8.2,7.25,,,,,,N1
01000582,9,7.5,8.2,5.25,7,7.75,,,,N1
01000579,8,8.75,6,,,,8.25,8.25,9,N1
01000445
01000446,7.6,,8.8,9,9,1.75,,,,N1
01000581,8,9.25,8.4,,,,8,7.75,8.75,N1
01000039,7.2,5.75,5.6,,,,7.75,7.25,7.5,N1
01000990,6.4,8.75,7.6,,,,7.5,,,N1
01000309,7.6,8.25,7.8,7,4.75,5.75,,,,N1
01000038,8.2,9,8.6,,,,7.75,8.25,8.75,N1
01000174,7.2,8.25,8.2,,,,6.5,7.5,8.25,N1
01000583,8.6,7.75,7.2,,,,6.5,7,8.25,N6
01000854,8.2,9,4.8,,,,3.75,6.5,8.75,N1
01000310
01000311,6.6,9,8.2,,,,8,8.25,8.75,N1
01000991
01000447
01000856,7.2,7.75,8.6,,,,7.5,7.75,7.75,N1
01000719,6.8,9,8,,,,7.5,6,8.5,N1
01000175,5.2,9.25,6.2,,,,9.5,9.5,8,N1
01000041,6.2,7.75,8.2,7.25,7,5.75,,,,N1
01000992
01000855
01000312
01000718,8.4,8.25,7.8,,,,7.5,7,7.25,N1
01000720
01000993
01000177,6.6,7,6,2.75,7.75,7.25,,,,N1
01000585,6.8,8.25,5.6,,,,5.75,7.25,7.75,N1
01000584
01000176,8.6,9,9.4,,,,8.5,8,8.75,N1
01000314,8,8,7.4,8.75,7.75,6.25,,,,N1
01000857,8.4,9,9.4,,,,9.75,8.25,10,N1
01000040,7,7.75,6,,,,6.75,6,8.25,N1
01000586,5.4,9,8.6,,,,9.5,9.75,8.75,N1
01000449,7,6.5,8.6,4.5,6.25,5.25,,,,N1
01000448,8.6,9.25,8.8,,,,,,,N1
01000313,7,9,7.4,,,,7.25,7.5,8.5,N1
01000178,7,8.5,8.2,,,,5.5,8,6.5,N1
01000450
01000721,8.2,9,7.8,,,,4.5,6.25,8.75,N6
01000994,3.8,3.75,8.6,,,,4,6.25,,N1
01000858,6.6,8,6.8,,,,7.75,8.75,7.25,N1
01000722
01000723,8.6,8,6.4,,,,8,9.25,7.75,N1
01000179,9,7.75,9,7.25,4.25,4.25,,,,N1
01000588,8,8,8.6,9,4,5,,,,N1
01000451
01000180,8.6,7.75,9,8,5.75,5.25,,,,N1
01000859,7.6,9,8.8,,,,7,6.5,8,N1
01000860,8.4,9,8.4,,,,7.5,9,9.25,N1
01000316,7.2,9.25,7.6,,,,8.75,8.5,7.5,N1
01000587,6.8,8.5,7.6,8.75,4.5,5.5,,,,N1
01000181
01000996
01000042,7,8.5,7,,,,5.5,5,7,N1
01000043,8,8,9.6,8.25,6,7,,,,N1
01000995
01000997
01000044,9,7.75,7.6,8.5,8.5,6.5,,,,N1
01000724,8.4,8,8.4,8.5,5,6.5,,,,N1
01000452
01000046,7.8,8.25,9.2,7,5.5,6.25,,,,N1
01000453
01000317
01000725,8.2,8.5,6.8,3.5,5.5,4.5,,,,N1
01000861,6.6,9,6,,,,7,5.75,7.5,N1
01000318
01000045
01000589,7.4,8.25,8.8,,,,7,7.5,7.25,N1
01000315,7.8,9.25,8,,,,8.25,7.5,8.5,N1
01000182,8.2,8.5,9.2,,,,7.5,7.75,8.5,N1
01000726,8,9,9.2,,,,7.25,7.75,9.25,N1
01000862,8.2,9.5,8.8,,,,8,7.25,8.75,N1
01000454
01000590,8,8.25,8.8,,,,5.75,9.25,8.5,N1
01000183
01000998,8,8.5,7.6,,,,3.75,6,7,N1
01000047
01000455
01000999
01000184,8,7,6.2,4.75,8.25,7.5,,,,N1
01000864,5,8.5,9.2,,,,6.75,6.5,7,N1
01001000
01000456
01000049,7.6,6.5,8.6,5.5,5.5,6.25,,,,N1
01000727,8.4,8.75,9.4,8.25,7,6.5,,,,N1
01000592,7.4,7,9,6.25,5.75,6,,,,N1
01000591,8,7.75,8.2,,,,6,7.75,7.75,N1
01000185,7.2,8.25,8.2,7.75,8.25,6.5,,,,N1
01000729,8.2,9.5,8.4,,,,7.25,8.25,8.75,N1
01000458
01000048,6.8,5.5,6,,,,5.75,6.75,7.25,N1
01000594,7,8.75,5.8,,,,8,7.75,8.75,N1
01000731,7,8.75,6.6,,,,5.5,5,7,N1
01000188,8.2,8.25,8.4,7.25,6,5.75,,,,N1
01000320,8,6,8.2,4.75,8,8.25,,,,N1
01000457
01000595,7.8,8.25,9,7,5.5,8,,,,N1
01000596,7.8,8.75,9.8,,,,8.75,8.25,9,N1
01000052,6.6,8.5,7.4,,,,,6.75,,N3
01000865,6.8,8.75,7.6,,,,7.75,8,9,N1
01000732,7.4,8.5,9.2,,,,6,8,7.75,N1
01000189,7.2,8,5.4,,,,6,6.75,,N1
01000460
01000323,8,7.25,6.6,5,9.5,8.25,,,,N1
01000728,7.6,8.75,8.4,,,,8.75,7.75,8.5,N1
01000321,6.6,8,6,,,,8,6,8,N1
01000868,7.8,9,7.8,,,,9.25,9.25,8.75,N1
01000869,6.4,7.5,4,,,,6,8,7.25,N1
01000053,8,8.75,6.8,3.25,8.25,5.5,,,,N1
01000324
01000187,8.4,7.25,9.6,8.75,9.25,8,,,,N1
01000050,8,9.25,9.4,,,,8,8,8.5,N1
01000461
01000597,8,9.5,8.6,8,5.5,8,,,,N1
01000598,7.8,8,9.6,6.5,3.5,6.5,,,,N1
01000051,6.6,8,4.8,,,,7.75,7.75,8.75,N1
01000463
01000462
01000325,7.8,8.5,7.2,,,,5.25,7.75,8.25,N1
01000593,7.4,6.5,7.8,5,8.25,6.5,,,,N1
01000191,7,,6.4,,7.25,,,,,N1
01000466
01000193,7.8,8.5,8.6,7.5,4.5,5.5,,,,N1
01000465
01000329,8,8.75,9.2,,,,6.5,8,8.5,N1
01000194
01000866,7.2,8.5,9.2,,,,6.25,7.5,9,N1
01000737,8.2,8.25,8.4,8,4.5,4.75,,,,N1
01000874,5.8,7.75,7.4,,,,7,7.25,7.5,N1
01000739,7.8,8.75,9.6,8.25,5.25,7,,,,N1
01000467
01000870,6,9.25,5.8,,,,9.75,9.75,9.75,N1
01000599,7.2,9,7.4,,,,5.75,7.25,8,N1
01000190,4,9.5,7.8,,,,6.75,7.75,7.25,N1
01000055,7,6,3.6,4,6.75,5.25,,,,N1
01000054,7.8,9,8,,,,7,8.75,8.75,N1
01000735,8.8,6.75,7.6,6.5,9,7.5,,,,N1
01000730,7.8,8.5,8.8,,,,7.75,8,8.5,N1
01000322,7.6,7.75,8,,,,7,7.5,7.25,N1
01000601,8.6,7,9.2,8.25,3.25,4.75,,,,N1
01000186,3.6,7.5,7,,,,5.75,6,7.75,N1
01000871,8.4,8.5,8.6,,,,7.75,7.75,9.25,N1
01000464
01000867,6.2,6,6.4,,,,5.75,6.25,8,N1
01000057,9.2,7.5,8.8,7.75,5.75,5.75,,,,N1
01000736,7,6.75,3.8,7.75,7.25,7.25,,,,N6
01000459
01000330,7.4,9.25,7.4,,,,8.5,9.5,8.75,N1
01000734,8.6,8.75,9.4,,,,8,8.75,9.25,N1
01000873,6.6,7.5,9.6,,,,6,7.25,7.5,N1
01000872
01000328,7.2,8.5,5.4,,,,7.5,6.75,7.25,N1
01000602
01000058,7.6,7.5,9.2,,,,8.5,8,9,N1
01000195,8.4,9.5,9,,,,7.75,7.75,8,N1
01000600,8,7.75,4.4,8.75,7.75,3.75,,,,N1
01000056,8.2,9.25,8.8,,,,6.5,6,6.75,N1
01000326,6.4,7.5,7.8,,,,8.5,8,9.5,N1
01000875
01000603,6.8,7,9,7.75,5,3,,,,N1
01000196,7.8,8.5,7.6,,,,6.75,7,8,N1
01000060
01000192,7.8,9,8.2,,,,7.25,8.75,8.5,N1
01000733,8.2,9,8.6,,,,6.5,6.25,7,N1
01000059,8.4,6,9.2,4.75,5.25,6.25,,,,N1
01000327,5.4,7,8,,,,7.75,6.5,7.75,N1
01000331,6.2,8.75,8,,,,7.75,7.5,8.5,N1
01000604
01000468
01000740,8,7,9,8.75,5.25,5.5,,,,N1
01000332
01000738
01000606,7.6,7.5,5.4,8.5,9,5.25,,,,N1
01000742,8,7.75,8,7,4.5,6,,,,N1
01000198,8.2,9.5,8,,,,7.75,8.5,9,N1
01000062,8.6,8,8.6,8.5,2.25,6.25,,,,N1
01000877
01000334
01000063,5.4,9,7.4,,,,7.25,6,8,N1
01000197,8.4,8.5,8.2,,,,7,7.5,9,N1
01000876,7.4,8,8.6,,,,5.75,6.25,8.25,N1
01000741,8,8.5,7.6,9,8,5.5,,,,N1
01000333,8.4,8.75,8,,,,7.75,8.25,9.25,N1
01000061,6,6.5,8.6,,,,7.5,8.75,8.5,N1
01000469,8.4,8,9.4,,,,5.75,4.5,7,N1
01000472
01000743,7.6,7.75,8,4.5,6.5,4.5,,,,N1
01000605,8.2,7.75,9.4,,,,9,8.5,9.5,N1
01000064,8.2,9,9.2,,,,8.75,8,9.75,N1
01000199
01000607,8.4,7,9.4,7,8.25,7.25,,,,N1
01000880,7.2,8,7,,,,6.5,6.5,8.5,N1
01000470
01000878,8,9,8.2,,,,6,6.25,7,N1
01000471
01000335,8.2,8.5,7.8,,,,7.5,6.25,8.75,N1
01000879
01000744,6,7.75,4.2,,,,5.75,7,8.5,N1
01000336
01000608,7.4,7.75,7.4,6,6.25,4,,,,N1
01000200,8,7,5.6,4,8.25,7.25,,,,N1
01000319,8.8,7,6.6,6.5,7.75,4.75,,,,N1
01000863,7,8.75,8.6,,,,8.25,7.5,7.25,N1
